ߖ,,Ǌx@inj,ǊԁEݏinj,s撬R[hinj,s{inj,s撬inj,ځinj,Ninj,inj,ꏊ,Q҂̐,Q҂̔N,Q̗L
ޓ,Ђ,{,Q,111031,ʌ,܎s{,P,2023-11-03,03,H,,40Α,
ޓ,Ђ,{,{w,111031,ʌ,܎s{,{P,2023-03-27,01,H,j,20Α,
ޓ,Ђ,{,{w,111031,ʌ,܎s{,听P,2023-12-30,22,H,,20Α,
ޓ,Ђ,{,\,111031,ʌ,܎s{,x̓R,2023-05-09,16,H,,70Έȏ,
ޓ,Ђ,Ya,kYaw,111074,ʌ,܎sYa,kYaQ,2023-01-27,12,H,,70Έȏ,
ޓ,Ђ,Ya,Yaw,111082,ʌ,܎s,R,2023-02-08,16,H,,50Α,
ޓ,Ђ,Ya,YawO,111082,ʌ,܎s,JT,2023-09-11,15,H,,65-69,
ޓ,Ђ,n,k,112232,ʌ,ns,kT,2023-02-07,13,H,,70Έȏ,
ޓ,Ђ,n,쒬,112232,ʌ,ns,쒬Q,2023-06-23,15,H,,70Έȏ,
ޓ,Ђ,n,nw,112232,ʌ,ns,ˉzU,2023-01-21,13,H,,65-69,
ޓ,Ђ,n,nw,112232,ʌ,ns,ˉzV,2023-03-19,01,H,j,30Α,Ȃ
ޓ,Ђ,n,nw,112232,ʌ,ns,S,2023-02-02,11,H,,70Έȏ,
ޓ,Ђ,n,nw,112232,ʌ,ns,S,2023-02-03,09,H,,40Α,
ޓ,Ђ,n,nw,112232,ʌ,ns,T,2023-01-14,12,H,,50Α,
ޓ,Ђ,,,112038,ʌ,s,ؐS,2023-02-12,05,H,,70Έȏ,
ޓ,Ђ,,,112038,ʌ,s,ؐT,2023-02-08,20,H,,70Έȏ,
ޓ,Ђ,,,112038,ʌ,s,OP,2023-01-14,11,̑,j,70Έȏ,
ޓ,Ђ,,,112038,ʌ,s,ؐQ,2023-09-11,16,H,,50Α,
ޓ,Ђ,,,112038,ʌ,s,k,2023-06-06,15,H,,50Α,Ȃ
ޓ,Ђ,,,112038,ʌ,s,,2020-08-05,15,H,,50Α,Ȃ
ޓ,Ђ,,Œc,112038,ʌ,s,łQ,2023-09-11,16,H,,70Έȏ,
ޓ,Ђ,,Ő,112038,ʌ,s,厚,2023-07-06,10,H,,70Έȏ,
ޓ,Ђ,,wO,112038,ʌ,s,Q,2023-02-05,14,H,,70Έȏ,
ޓ,Ђ,,u؉w,112283,ʌ,u؎s,{Q,2023-01-14,20,H,,70Έȏ,Ȃ
ޓ,Ђ,,,112348,ʌ,s,P,2023-04-11,13,H,,70Έȏ,
ޓ,Ђ,,ٓV,112216,ʌ,s,P,2023-02-13,19,H,,20Α,Ȃ
ޓ,Ђ,,c,112330,ʌ,k{s,Ό˂U,2023-05-02,11,H,j,70Έȏ,
ޓ,Ђ,,wO,112089,ʌ,s,厚v,2023-09-23,15,H,,70Έȏ,
ޓ,Ђ,,kˉwO,112399,ʌ,ˎs,L,2022-01-09,01,H,j,20Α,Ȃ
ޓ,Ђ,R,RwO,112127,ʌ,Rs,tP,2022-12-16,00,̑,,50Α,Ȃ
ޓ,Ђ,{,{wO,112119,ʌ,{s,P,2023-07-02,20,̑,,70Έȏ,
ޓ,Ђ,{,{w,112119,ʌ,{s,wQ,2023-06-27,19,H,,40Α,
ޓ,Ђ,FJ,V,112020,ʌ,FJs,`,2023-01-25,10,̑,,70Έȏ,
ޓ,Ђ,FJ,FJwO,112020,ʌ,FJs,Q,2023-09-11,13,̑,,40Α,
ޓ,Ђ,,@c,112381,ʌ,@cs,S,2023-09-16,21,H,j,60-64,
ޓ,Ђ,t,K,112143,ʌ,ts,~c{Q,2023-08-05,12,H,,70Έȏ,
ޓ,Ђ,t,,112143,ʌ,ts,Z,2023-05-30,23,H,,10Α,Ȃ
ޓ,Ђ,zJ,wO,112224,ʌ,zJs,,2023-01-31,20,̑,,70Έȏ,Ȃ
ޓ,Ђ,zJ,zJwO,112224,ʌ,zJs,zJP,2023-05-30,23,H,,20Α,Ȃ
ޓ,Ђ,v,vw,112321,ʌ,vs,k,2023-06-01,18,H,,50Α,
ޓ,Ђ,v,,112321,ʌ,vs,Ҋ,2023-07-07,16,H,j,65-69,
ޓ,Ђ,g,OwO,112372,ʌ,Os,`,2023-10-20,23,H,j,20Α,
ޓ,Ђ,g,OwO,112372,ʌ,Os,cS,2023-01-31,21,H,,20Α,
ޓ,Ђ,,,113018,ʌ,ɓޒ,hT,2023-03-17,07,H,j,30Α,Ȃ
ޓ,Ђ,,ّ݂,112356,ʌ,xms,厚q,2023-03-01,13,H,,70Έȏ,
ޓ,Ђ,,s,112038,ʌ,s,厚s,2023-06-25,00,H,,20Α,Ȃ
ޓ,Ђ,,s,112038,ʌ,s,soHT,2023-06-23,14,H,,60-64,
ޓ,Ђ,,wO,112038,ʌ,s,˒˓P,2023-09-11,14,H,,40Α,
ޓ,Ђ,,]ˑ,112038,ʌ,s,ԈS,2023-06-16,10,H,,70Έȏ,
ޓ,Ђ,,_,112038,ʌ,s,厚,2023-11-20,01,H,,20Α,
ޓ,Ђ,,,112038,ʌ,s,厚s̍,2023-02-12,16,H,,60-64,
ޓ,Ђ,Ya,v,111066,ʌ,܎s,厚vۗ̉,2023-02-20,09,H,,70Έȏ,
ޓ,Ђ,Ya,v,111066,ʌ,܎s,厚_c,2023-02-20,09,H,,60-64,Ȃ
ޓ,Ђ,Ya,x,111066,ʌ,܎s,xS,2023-07-10,12,H,,70Έȏ,
ޓ,Ђ,Ya,x,111066,ʌ,܎s,쌳hQ,2023-10-30,20,H,,20Α,
ޓ,Ђ,V,u؉w,112305,ʌ,Vs,kQ,2023-01-01,14,H,,70Έȏ,
ޓ,Ђ,{,㏬,111031,ʌ,܎s{,OQ,2023-05-26,18,H,,10Α,Ȃ
ޓ,Ђ,Ya,,111091,ʌ,܎s΋,厚,2023-06-06,16,H,,50Α,
ޓ,Ђ,Ya,,111091,ʌ,܎s΋,厚,2023-06-06,16,H,,70Έȏ,
ޓ,Ђ,Ya,YawO,111091,ʌ,܎s΋,厚,2023-06-06,15,H,,60-64,
ޓ,Ђ,{,t,111040,ʌ,܎s,ۃ蒬,2023-12-19,23,H,,40Α,Ȃ
